{"stat.beaconInteraction":2,"stat.chestOpened":58,"stat.leaveGame":2,"stat.pickup.minecraft.leather_chestplate":6,"stat.useItem.minecraft.diamond_sword":6,"stat.jump":258,"stat.swimOneCm":746,"stat.useItem.minecraft.sand":4,"stat.pickup.minecraft.white_shulker_box":5,"stat.fallOneCm":1045,"stat.pickup.minecraft.cooked_porkchop":128,"stat.crouchOneCm":3039,"stat.pickup.minecraft.dirt":50,"stat.useItem.minecraft.dirt":77,"stat.useItem.minecraft.stone_slab2":503,"stat.useItem.aquaculture.neptunium_sword":2,"stat.useItem.securitycraft.secret_sign_item":6,"stat.useItem.minecraft.water_bucket":9,"stat.pickup.minecraft.sand":5,"stat.useItem.minecraft.sapling":3,"stat.pickup.minecraft.repeater":1,"stat.pickup.minecraft.cobblestone_wall":3,"stat.pickup.minecraft.planks":2,"stat.flyOneCm":167125,"stat.pickup.securitycraft.reinforced_stone_slabs":2,"stat.pickup.ironchest.iron_shulker_box_magenta":1,"stat.mineBlock.minecraft.sand":5,"stat.pickup.minecraft.oak_stairs":2,"stat.damageDealt":715,"stat.timeSinceDeath":438,"stat.mineBlock.minecraft.dirt":9,"stat.useItem.minecraft.spawn_egg":1,"stat.pickup.minecraft.mutton":2,"stat.pickup.securitycraft.secret_sign_item":6,"stat.pickup.minecraft.flint_and_steel":1,"stat.walkOneCm":116796,"stat.drop.minecraft.diamond_block":2,"stat.pickup.minecraft.wooden_sword":2,"stat.pickup.minecraft.log":8,"stat.pickup.minecraft.string":1,"stat.pickup.minecraft.tnt":1,"stat.useItem.minecraft.item_frame":5,"stat.pickup.minecraft.sapling":7,"stat.sprintOneCm":50119,"stat.pickup.tombstone.gift":1,"stat.pickup.spartanweaponry.dagger_wood":7,"stat.pickup.minecraft.grass":2,"stat.killEntity.Spider":1,"stat.mobKills":3,"stat.useItem.aquaculture.neptunium_shovel":13,"stat.deaths":8,"stat.pickup.minecraft.water_bucket":2,"stat.useItem.aquaculture.neptunium_axe":2,"stat.drop":3,"stat.playOneMinute":76757,"stat.pickup.minecraft.torch":5,"stat.killEntity.Sheep":2,"stat.sneakTime":1221,"stat.pickup.minecraft.wool":2,"stat.pickup.minecraft.diamond_block":5,"stat.pickup.minecraft.iron_block":2,"stat.pickup.minecraft.beacon":1,"stat.pickup.minecraft.item_frame":6,"stat.drop.minecraft.white_shulker_box":1,"stat.diveOneCm":1280}