{"stat.pickup.minecraft.flint_and_steel":1,"stat.walkOneCm":45299,"stat.useItem.minecraft.sapling":3,"stat.mobKills":2,"stat.pickup.minecraft.log":6,"stat.flyOneCm":90593,"stat.deaths":1,"stat.jump":115,"stat.swimOneCm":429,"stat.playOneMinute":23620,"stat.fallOneCm":418,"stat.pickup.minecraft.tnt":1,"stat.killEntity.Sheep":2,"stat.sneakTime":871,"stat.pickup.minecraft.wool":2,"stat.damageDealt":135,"stat.crouchOneCm":2704,"stat.timeSinceDeath":20663,"stat.pickup.minecraft.sapling":7,"stat.pickup.minecraft.dirt":28,"stat.useItem.minecraft.dirt":48,"stat.sprintOneCm":18271,"stat.useItem.minecraft.stone_slab2":306,"stat.useItem.aquaculture.neptunium_sword":2,"stat.pickup.minecraft.mutton":2,"stat.useItem.minecraft.water_bucket":8}