{"stat.beaconInteraction":2,"stat.leaveGame":1,"stat.jump":157,"stat.swimOneCm":429,"stat.pickup.minecraft.white_shulker_box":5,"stat.fallOneCm":418,"stat.crouchOneCm":2704,"stat.pickup.minecraft.dirt":28,"stat.useItem.minecraft.dirt":48,"stat.useItem.minecraft.stone_slab2":360,"stat.useItem.aquaculture.neptunium_sword":2,"stat.useItem.minecraft.water_bucket":9,"stat.useItem.minecraft.sapling":3,"stat.pickup.minecraft.repeater":1,"stat.pickup.minecraft.cobblestone_wall":2,"stat.pickup.minecraft.planks":2,"stat.flyOneCm":106628,"stat.pickup.securitycraft.reinforced_stone_slabs":2,"stat.pickup.minecraft.oak_stairs":2,"stat.damageDealt":295,"stat.timeSinceDeath":4589,"stat.pickup.minecraft.mutton":2,"stat.pickup.minecraft.flint_and_steel":1,"stat.walkOneCm":59973,"stat.drop.minecraft.diamond_block":2,"stat.pickup.minecraft.log":8,"stat.pickup.minecraft.string":1,"stat.pickup.minecraft.tnt":1,"stat.useItem.minecraft.item_frame":5,"stat.pickup.minecraft.sapling":7,"stat.sprintOneCm":25420,"stat.pickup.minecraft.grass":2,"stat.killEntity.Spider":1,"stat.mobKills":3,"stat.deaths":4,"stat.pickup.minecraft.water_bucket":2,"stat.useItem.aquaculture.neptunium_axe":2,"stat.drop":3,"stat.playOneMinute":42767,"stat.pickup.minecraft.torch":1,"stat.killEntity.Sheep":2,"stat.sneakTime":917,"stat.pickup.minecraft.wool":2,"stat.pickup.minecraft.diamond_block":5,"stat.pickup.minecraft.iron_block":2,"stat.pickup.minecraft.beacon":1,"stat.pickup.minecraft.item_frame":6,"stat.drop.minecraft.white_shulker_box":1}