{"stat.pickup.minecraft.flint_and_steel":1,"stat.pickup.minecraft.log":6,"stat.flyOneCm":74054,"stat.deaths":1,"stat.walkOneCm":18119,"stat.jump":65,"stat.useItem.minecraft.sapling":3,"stat.playOneMinute":11920,"stat.fallOneCm":418,"stat.pickup.minecraft.tnt":1,"stat.killEntity.Sheep":2,"stat.sneakTime":62,"stat.pickup.minecraft.wool":2,"stat.damageDealt":120,"stat.timeSinceDeath":8963,"stat.pickup.minecraft.sapling":7,"stat.pickup.minecraft.dirt":28,"stat.useItem.minecraft.dirt":48,"stat.sprintOneCm":11275,"stat.mobKills":2,"stat.useItem.minecraft.stone_slab2":32,"stat.useItem.aquaculture.neptunium_sword":2,"stat.pickup.minecraft.mutton":2}