{"stat.beaconInteraction":2,"stat.chestOpened":35,"stat.leaveGame":1,"stat.jump":228,"stat.swimOneCm":746,"stat.useItem.minecraft.sand":4,"stat.pickup.minecraft.white_shulker_box":5,"stat.fallOneCm":1045,"stat.pickup.minecraft.cooked_porkchop":32,"stat.crouchOneCm":2929,"stat.pickup.minecraft.dirt":50,"stat.useItem.minecraft.dirt":77,"stat.useItem.minecraft.stone_slab2":487,"stat.useItem.aquaculture.neptunium_sword":2,"stat.useItem.minecraft.water_bucket":9,"stat.pickup.minecraft.sand":5,"stat.useItem.minecraft.sapling":3,"stat.pickup.minecraft.repeater":1,"stat.pickup.minecraft.cobblestone_wall":3,"stat.pickup.minecraft.planks":2,"stat.flyOneCm":126607,"stat.pickup.securitycraft.reinforced_stone_slabs":2,"stat.pickup.ironchest.iron_shulker_box_magenta":1,"stat.mineBlock.minecraft.sand":5,"stat.pickup.minecraft.oak_stairs":2,"stat.damageDealt":295,"stat.timeSinceDeath":285,"stat.mineBlock.minecraft.dirt":9,"stat.pickup.minecraft.mutton":2,"stat.pickup.minecraft.flint_and_steel":1,"stat.walkOneCm":95227,"stat.drop.minecraft.diamond_block":2,"stat.pickup.minecraft.wooden_sword":2,"stat.pickup.minecraft.log":8,"stat.pickup.minecraft.string":1,"stat.pickup.minecraft.tnt":1,"stat.useItem.minecraft.item_frame":5,"stat.pickup.minecraft.sapling":7,"stat.sprintOneCm":40746,"stat.pickup.tombstone.gift":1,"stat.pickup.minecraft.grass":2,"stat.killEntity.Spider":1,"stat.mobKills":3,"stat.useItem.aquaculture.neptunium_shovel":13,"stat.deaths":7,"stat.pickup.minecraft.water_bucket":2,"stat.useItem.aquaculture.neptunium_axe":2,"stat.drop":3,"stat.playOneMinute":67067,"stat.pickup.minecraft.torch":5,"stat.killEntity.Sheep":2,"stat.sneakTime":1127,"stat.pickup.minecraft.wool":2,"stat.pickup.minecraft.diamond_block":5,"stat.pickup.minecraft.iron_block":2,"stat.pickup.minecraft.beacon":1,"stat.pickup.minecraft.item_frame":6,"stat.drop.minecraft.white_shulker_box":1,"stat.diveOneCm":1280}