{"stat.flyOneCm":24885,"stat.deaths":6,"stat.walkOneCm":13655,"stat.pickup.minecraft.wheat_seeds":2,"stat.jump":45,"stat.entityKilledBy.Spider":1,"stat.playOneMinute":11558,"stat.fallOneCm":2382,"stat.pickup.minecraft.torch":2,"stat.leaveGame":1,"stat.sneakTime":13,"stat.damageTaken":260,"stat.damageDealt":10,"stat.pickup.minecraft.cobblestone_wall":3,"stat.pickup.minecraft.iron_block":1,"stat.timeSinceDeath":2121,"stat.pickup.minecraft.dirt":3,"stat.sprintOneCm":12975,"stat.mineBlock.minecraft.dirt":1,"stat.useItem.minecraft.stone_slab2":2,"stat.mineBlock.minecraft.tallgrass":2}