{"stat.flyOneCm":5398,"stat.deaths":6,"stat.walkOneCm":12417,"stat.pickup.minecraft.wheat_seeds":2,"stat.jump":33,"stat.entityKilledBy.Spider":1,"stat.playOneMinute":9734,"stat.fallOneCm":2382,"stat.pickup.minecraft.torch":2,"stat.damageTaken":260,"stat.damageDealt":10,"stat.pickup.minecraft.cobblestone_wall":3,"stat.pickup.minecraft.iron_block":1,"stat.timeSinceDeath":297,"stat.pickup.minecraft.dirt":3,"stat.sprintOneCm":10837,"stat.mineBlock.minecraft.dirt":1,"stat.useItem.minecraft.stone_slab2":2,"stat.mineBlock.minecraft.tallgrass":2}